{"train_loss": [2.4705318808555603, 1.399355215782469, 1.1174763227050954, 0.9648023870180954, 0.8375666328451851, 0.7661756978454914, 0.700796463001858, 0.6558054495941509, 0.5955486007034778, 0.5606979673897678, 0.5319369206035679, 0.4995585128834302, 0.47961982117796487, 0.45267299235883085, 0.4116806943138892, 0.3924904110756787, 0.34452444687485695, 0.3585340612652627, 0.28264563114128327, 0.30731025600636547, 0.27586155240847304, 0.2606454606929963, 0.29299103341658006, 0.24316026695411314, 0.24177950593558226, 0.2408727352592078, 0.2472371157258749, 0.20925302487713368, 0.20513620532371782, 0.20504004989158023, 0.21101464933969757, 0.28094946841963314, 0.30576437209648166, 0.19370608058842745, 0.1869080881334164, 0.20803190324116838, 0.18793787656521255, 0.18270359931682997, 0.19099668908694928, 0.18474363297732038, 0.18283501501110466, 0.18375063732435756, 0.2269964814524759, 0.16606347416950898, 0.16747620275921443, 0.16630155473778194, 0.18583007726648992, 0.21929111584005032, 0.17135459864512087, 0.16761190955611793], "val_loss": [1.192154703328484, 0.9055483218870665, 0.7156937363900636, 0.6365385802168595, 0.5592429517131102, 0.5783167798268167, 0.49400109852615154, 0.4844734165229295, 0.47267212914793116, 0.4784947870593322, 0.46978158621411575, 0.43963095937904556, 0.4577779704018643, 0.43333661226849807, 0.4174559419092379, 0.45744260361320094, 0.5026882783362739, 0.4456953447116049, 0.505387403227781, 0.5056728267355969, 0.4421729602311787, 0.37752240308021245, 0.4804163698303072, 0.47681562465272453, 0.3631979158442271, 0.4448179606544344, 0.47086958791080274, 0.39423259888824663, 0.43259661417258416, 0.3993981758230611, 0.5340938147745634, 0.3704049420984168, 0.3592129930069572, 0.3985628957811155, 0.3745708432636763, 0.4739322718821074, 0.376129606601439, 0.3738137921220378, 0.44732922025417027, 0.3704010938735385, 0.43402347501955535, 0.3650356024895844, 0.4330704652949383, 0.3863756191573645, 0.4554753369014514, 0.4107495693784011, 0.3524584999209956, 0.3837193838859859, 0.3938168650394992, 0.5696029392512221]}