{"train_loss": [0.06744092106753008, 0.06435063933419191, 0.06019793764035884, 0.055464930295420344, 0.04979337102320807, 0.045147237930161115, 0.04211986480817855, 0.03348614278246797, 0.02687547178092328, 0.023926298347016036, 0.025824163167007183, 0.0116543130568144, 0.01796691128481391, 0.017215963775842367, 0.016513336221793327, 0.013713569517792415, 0.015140325008013116, 0.008208340826306747, 0.007890612732312135, 0.009824671223495072, 0.00776575804230478, 0.012764081574013372, 0.01956749061924215, 0.01803798366520575, 0.013394527979438532, 0.009922591262147762, 0.011134266886140474, 0.010909402031591691, 0.01906748340473066, 0.019075518236786593, 0.01752641220227815, 0.006741427546578713, 0.009455684705145276, 0.014531304606498452, 0.006768186766103926, 0.006940900505684443, 0.00813802313760706, 0.005635499040363356, 0.006222127099466557, 0.00693163775457916, 0.013044105408797886, 0.029669195422915934, 0.023511755512961165, 0.007007755787311577, 0.004932497970400039, 0.0074984123356195845, 0.006693260567275997, 0.014668474639025094, 0.01113830959276873, 0.0128398536860583], "val_loss": [0.01534016662963519, 0.013419455068957942, 0.011509939037894486, 0.01252354212644461, 0.011977150048570414, 0.015159086116258741, 0.01288917865542891, 0.013402298499683015, 0.012765836101147886, 0.01315528300627576, 0.01295308168168719, 0.012784593724523131, 0.013025271045166606, 0.013506981697374661, 0.012553354915795161, 0.012496184171667616, 0.01184889967124419, 0.010941838673438484, 0.011263188050667707, 0.011539167066496846, 0.012033977664663995, 0.010920023068932718, 0.015363921028849864, 0.011005563052420161, 0.010409302295393948, 0.010566740478756593, 0.011411121002349414, 0.01016660722793619, 0.010830143553903326, 0.009913840888398945, 0.009171577440697307, 0.01095529344839681, 0.010187113609802173, 0.010762793290747428, 0.010504634059218101, 0.011253761593558776, 0.010206464921295838, 0.00971379585282289, 0.009979202730679199, 0.009862514612828626, 0.011503229702602287, 0.00969173186152291, 0.010740764868004541, 0.010362206103500762, 0.010958501074836884, 0.010124715436923955, 0.009650028918526675, 0.008930278970250297, 0.009836694638636944, 0.010199321922233426]}