{
  "mse": 0.3002643883228302,
  "mae": 0.19466529786586761,
  "r2": -0.0007148679194162177
}