{
  "mse": 0.1352470964193344,
  "mae": 0.1309552639722824,
  "r2": -0.0002516467286084456
}