{
  "mse": 0.2694827616214752,
  "mae": 0.1788986325263977,
  "r2": -2.5763725434391205e-05
}