{
  "mse": 0.2380625456571579,
  "mae": 0.1681898683309555,
  "r2": -8.44602155420926e-05
}