{
  "mse": 0.2694801092147827,
  "mae": 0.17890697717666626,
  "r2": -1.5879733524348794e-05
}