{
  "mse": 0.1352289319038391,
  "mae": 0.131023570895195,
  "r2": -0.000117299170352414
}