{
  "mse": 0.2642938494682312,
  "mae": 0.1740272343158722,
  "r2": -8.56677712590681e-06
}