{
  "mse": 0.3056719899177551,
  "mae": 0.18986625969409943,
  "r2": -5.889573823303351e-06
}