{
  "mse": 0.21204888820648193,
  "mae": 0.10349388420581818,
  "r2": -5.776081022368373e-07
}