{
  "mse": 0.2642928957939148,
  "mae": 0.17399024963378906,
  "r2": -4.921584919381772e-06
}