{
  "mse": 0.27691081166267395,
  "mae": 0.18471375107765198,
  "r2": -2.461252508023648e-06
}