{
  "mse": 0.3501799404621124,
  "mae": 0.21368345618247986,
  "r2": -1.4385258631399722e-05
}