{
  "mse": 0.2093854546546936,
  "mae": 0.16294878721237183,
  "r2": -0.000348144149733276
}