{
  "mse": 0.3532705307006836,
  "mae": 0.21826758980751038,
  "r2": -0.00013381869711182048
}