{
  "mse": 0.12013617157936096,
  "mae": 0.13695472478866577,
  "r2": -9.749448715279385e-05
}