{
  "mse": 0.2380448430776596,
  "mae": 0.16812637448310852,
  "r2": -1.0089315965577939e-05
}