{
  "mse": 0.1201581135392189,
  "mae": 0.1370343714952469,
  "r2": -0.0002800970091567656
}