{
  "mse": 0.20933634042739868,
  "mae": 0.1627071648836136,
  "r2": -0.00011359185506032432
}