{
  "mse": 0.3056730031967163,
  "mae": 0.18981695175170898,
  "r2": -9.24240488142658e-06
}