{
  "mse": 0.2093128114938736,
  "mae": 0.16259106993675232,
  "r2": -9.835379899403307e-07
}