{
  "mse": 0.3114735782146454,
  "mae": 0.2215033322572708,
  "r2": -9.81397470394274e-05
}