{
  "mse": 0.26429858803749084,
  "mae": 0.1740579754114151,
  "r2": -2.6435069293562208e-05
}