{
  "mse": 0.15672899782657623,
  "mae": 0.1512375771999359,
  "r2": -0.0001317266618883206
}