{
  "mse": 0.23806129395961761,
  "mae": 0.16821782290935516,
  "r2": -7.909302303432675e-05
}