{
  "mse": 0.16256560385227203,
  "mae": 0.15686659514904022,
  "r2": -7.212242068987962e-05
}