{
  "mse": 0.21206334233283997,
  "mae": 0.10352659970521927,
  "r2": -6.868743910404262e-05
}