{
  "mse": 0.27691012620925903,
  "mae": 0.18472671508789062,
  "r2": -3.6654136392755277e-08
}