{
  "mse": 0.307131290435791,
  "mae": 0.19938774406909943,
  "r2": -7.122315018648351e-06
}