{
  "mse": 0.30005699396133423,
  "mae": 0.19384293258190155,
  "r2": -2.3654303073161742e-05
}