{
  "mse": 0.3501748740673065,
  "mae": 0.2136446088552475,
  "r2": -4.3023784535023424e-10
}