{
  "mse": 0.19852137565612793,
  "mae": 0.1265925168991089,
  "r2": -5.834261751491709e-07
}