{
  "mse": 0.30007293820381165,
  "mae": 0.19391198456287384,
  "r2": -7.673607294300666e-05
}