{
  "mse": 0.3056737780570984,
  "mae": 0.18988317251205444,
  "r2": -1.1655919967656914e-05
}