{
  "mse": 0.2643406391143799,
  "mae": 0.17421039938926697,
  "r2": -0.00018564338745652442
}