{
  "mse": 0.26948583126068115,
  "mae": 0.1790219247341156,
  "r2": -3.707724631962783e-05
}