{
  "mse": 0.23804603517055511,
  "mae": 0.16813074052333832,
  "r2": -1.5076234169741909e-05
}