{
  "mse": 0.3056701719760895,
  "mae": 0.18984189629554749,
  "r2": -2.896919593098346e-09
}