{
  "mse": 0.20932763814926147,
  "mae": 0.16266825795173645,
  "r2": -7.199306042093845e-05
}