{
  "mse": 0.17881028354167938,
  "mae": 0.08469278365373611,
  "r2": -0.00048021489446425925
}