{
  "mse": 0.33536267280578613,
  "mae": 0.20563706755638123,
  "r2": -6.619347274749998e-06
}