{
  "mse": 0.27694442868232727,
  "mae": 0.18490366637706757,
  "r2": -0.0001238423066454164
}