{
  "mse": 0.3000586926937103,
  "mae": 0.19374090433120728,
  "r2": -2.9462505659827443e-05
}