{
  "mse": 0.1273529827594757,
  "mae": 0.1434810608625412,
  "r2": -0.00015856837145555858
}