{
  "mse": 0.13522548973560333,
  "mae": 0.13086000084877014,
  "r2": -9.181922424117417e-05
}