{
  "mse": 0.20934318006038666,
  "mae": 0.1627332866191864,
  "r2": -0.00014621548412718788
}