{
  "mse": 0.23807215690612793,
  "mae": 0.16821934282779694,
  "r2": -0.00012465307326903208
}