{
  "mse": 0.3000836968421936,
  "mae": 0.19394566118717194,
  "r2": -0.000112710248787673
}