{
  "mse": 0.23805540800094604,
  "mae": 0.16816338896751404,
  "r2": -5.4505324371678654e-05
}