{
  "mse": 0.3461480140686035,
  "mae": 0.20967595279216766,
  "r2": -1.59510182562439e-05
}