{
  "mse": 0.2642936706542969,
  "mae": 0.17402631044387817,
  "r2": -7.901332186754928e-06
}