{
  "mse": 0.2769137918949127,
  "mae": 0.18476897478103638,
  "r2": -1.3355706307782711e-05
}