{
  "mse": 0.23749345541000366,
  "mae": 0.11268916726112366,
  "r2": -1.5819618035761707e-05
}