{
  "mse": 0.19852133095264435,
  "mae": 0.12656693160533905,
  "r2": -2.8042478561474127e-07
}