{
  "mse": 0.26947784423828125,
  "mae": 0.17896519601345062,
  "r2": -7.45329465212663e-06
}