{
  "mse": 0.30713847279548645,
  "mae": 0.1994369775056839,
  "r2": -3.0502302448054408e-05
}