{
  "mse": 0.162584125995636,
  "mae": 0.15684150159358978,
  "r2": -0.00018597029586397973
}