{
  "mse": 0.18298961222171783,
  "mae": 0.09354916960000992,
  "r2": -4.868161240145774e-05
}