{
  "mse": 0.16255946457386017,
  "mae": 0.15675659477710724,
  "r2": -3.416924046995007e-05
}