{
  "mse": 0.1985260397195816,
  "mae": 0.12660735845565796,
  "r2": -2.4121314958103213e-05
}