{
  "mse": 0.26429417729377747,
  "mae": 0.17398422956466675,
  "r2": -9.832360617467728e-06
}