{
  "mse": 0.1567273736000061,
  "mae": 0.15123291313648224,
  "r2": -0.00012126128114986479
}