{
  "mse": 0.17331653833389282,
  "mae": 0.06387805938720703,
  "r2": -0.0001257756884303074
}