{
  "mse": 0.1938714236021042,
  "mae": 0.1191982701420784,
  "r2": -9.375887548568329e-07
}