{
  "mse": 0.12736739218235016,
  "mae": 0.14352017641067505,
  "r2": -0.00027169034337526377
}