{
  "mse": 0.3461441397666931,
  "mae": 0.20971304178237915,
  "r2": -4.673899330898124e-06
}