{
  "mse": 0.15671303868293762,
  "mae": 0.1511785238981247,
  "r2": -2.9890463581816462e-05
}