{
  "mse": 0.23750458657741547,
  "mae": 0.11252140998840332,
  "r2": -6.268360729810851e-05
}