{
  "mse": 0.3071380853652954,
  "mae": 0.19933678209781647,
  "r2": -2.924665426617956e-05
}