{
  "mse": 0.23749129474163055,
  "mae": 0.11249943822622299,
  "r2": -6.830457972117898e-06
}