{
  "mse": 0.12735871970653534,
  "mae": 0.14349785447120667,
  "r2": -0.00020362124454598174
}