{
  "mse": 0.3461925983428955,
  "mae": 0.2099357396364212,
  "r2": -0.00014466852744687841
}