{
  "mse": 0.16257795691490173,
  "mae": 0.15681904554367065,
  "r2": -0.00014795061282146804
}