{
  "mse": 0.13521990180015564,
  "mae": 0.13082459568977356,
  "r2": -5.050445345222698e-05
}