{
  "mse": 0.18298998475074768,
  "mae": 0.09355449676513672,
  "r2": -5.071042362470024e-05
}