{
  "mse": 0.15675607323646545,
  "mae": 0.15132565796375275,
  "r2": -0.0003044230854598595
}