{
  "mse": 0.20931889116764069,
  "mae": 0.16263222694396973,
  "r2": -3.0153413132172346e-05
}