{
  "mse": 0.335360586643219,
  "mae": 0.20559604465961456,
  "r2": -2.5096878264463385e-07
}