{
  "mse": 0.30568644404411316,
  "mae": 0.18995141983032227,
  "r2": -5.3208580594876764e-05
}