{
  "mse": 0.12012496590614319,
  "mae": 0.13692784309387207,
  "r2": -4.2169646885525935e-06
}