{
  "mse": 0.3071291446685791,
  "mae": 0.1993635594844818,
  "r2": -8.385795124965512e-08
}