{
  "mse": 0.12013400346040726,
  "mae": 0.1369439661502838,
  "r2": -7.945723189828335e-05
}