{
  "mse": 0.2695159912109375,
  "mae": 0.17913022637367249,
  "r2": -0.00014917546920001357
}