{
  "mse": 0.15670867264270782,
  "mae": 0.15114076435565948,
  "r2": -1.9551003711537618e-06
}