{
  "mse": 0.15672151744365692,
  "mae": 0.1512145847082138,
  "r2": -8.400490416859974e-05
}