{
  "mse": 0.1625751554965973,
  "mae": 0.1568116396665573,
  "r2": -0.00013076450751858815
}