{
  "mse": 0.19387474656105042,
  "mae": 0.1192774698138237,
  "r2": -1.809467527902342e-05
}