{
  "mse": 0.16255393624305725,
  "mae": 0.15670710802078247,
  "r2": -2.463627215565367e-07
}