{
  "mse": 0.276937872171402,
  "mae": 0.18488319218158722,
  "r2": -0.0001002458198833267
}