{
  "mse": 0.26965728402137756,
  "mae": 0.17977505922317505,
  "r2": -0.0006733569584240762
}