{
  "mse": 0.12740449607372284,
  "mae": 0.14362786710262299,
  "r2": -0.0005630527779427741
}