{
  "mse": 0.23807793855667114,
  "mae": 0.1682351678609848,
  "r2": -0.00014913682415307328
}