{
  "mse": 0.19853250682353973,
  "mae": 0.12673479318618774,
  "r2": -5.66867276285965e-05
}