{
  "mse": 0.12014637887477875,
  "mae": 0.13699652254581451,
  "r2": -0.00018253872446494235
}