{
  "mse": 0.2093149721622467,
  "mae": 0.16261252760887146,
  "r2": -1.1362975597783986e-05
}