{
  "mse": 0.26431581377983093,
  "mae": 0.17412711679935455,
  "r2": -9.16937265478257e-05
}