{
  "mse": 0.19387640058994293,
  "mae": 0.11929957568645477,
  "r2": -2.657977491682395e-05
}