{
  "mse": 0.12741778790950775,
  "mae": 0.14366576075553894,
  "r2": -0.0006674119147234148
}