{
  "mse": 0.3353644013404846,
  "mae": 0.2056504487991333,
  "r2": -1.1560680638567078e-05
}