{
  "mse": 0.27691027522087097,
  "mae": 0.18472130596637726,
  "r2": -5.739052806319478e-07
}