{
  "mse": 0.33536356687545776,
  "mae": 0.20564429461956024,
  "r2": -9.11623343080592e-06
}